http://www.doctissimo.fr/html/grossesse/bebe/soins-quotidiens/articles/15734-mouche-bebe.htm;Anne-Sophie Glover-Bondeau;body_bebe
http://www.doctissimo.fr/html/dossiers/migraine/articles/15736-migraine-ophtalmique.htm;Isabelle Frenay;body_sante
http://www.doctissimo.fr/html/dossiers/maladies_cardiovasculaires/articles/cardiopathie-congenitale-adulte.htm;Amélie Pelletier;body_sante
http://www.doctissimo.fr/html/forme/peau/soins/bien-etre-hiver.htm;Stéphanie Moyal;body_beaute
http://www.doctissimo.fr/html/dossiers/apnee-sommeil/15754-apnee-sommeil-telemedecine.htm;Anne-Sophie Glover-Bondeau;body_sante
http://www.doctissimo.fr/html/psychologie/consulter/quand_et_qui/15753-conseiller-conjugal.htm;Catherine Maillard;body_psychologie
http://www.doctissimo.fr/html/sexualite/dossiers/rapports-sexuels/15723-sm-soft.htm;Catherine Maillard;body_sexualite
http://www.doctissimo.fr/html/sexualite/desir/articles/15730-refus-relation-sexuelle.htm;Catherine Maillard;body_sexualite
http://www.doctissimo.fr/html/dossiers/rhume/15738-rhume-bebe-medecin.htm;Dr Sophie Parienté;body_bebe
http://www.doctissimo.fr/html/dossiers/rhume/15739-complication-rhume-bebe.htm;Dr Sophie Parienté;body_bebe
http://www.doctissimo.fr/html/forme/cheveux/soins/cheveux_mous_sans_volume.htm;Anne-Sophie Savenier;body_beaute
http://www.doctissimo.fr/html/dossiers/rhume/15743-diffusion-rhume-nourrisson.htm;Anne-Sophie Glover-Bondeau;body_bebe
http://www.doctissimo.fr/html/sexualite/dossiers/orgasme/15730-point-p.htm;Catherine Maillard;body_sexualite
http://www.doctissimo.fr/html/sexualite/dossiers/strip-tease/articles/15744-strip-poker.htm;Catherine Maillard;body_sexualite
http://www.doctissimo.fr/html/grossesse/bebe/soins-quotidiens/articles/15758-trousse-secours-bebe.htm;Dr Sophie Parienté;body_bebe
http://www.doctissimo.fr/html/psychologie/dossiers/manipulation/articles/15760-manipulateur-pervers-narcissique.htm;Jessica Xavier;body_psychologie
http://www.doctissimo.fr/html/dossiers/rhume/15759-premier-rhume-bebe.htm;Dr Sophie Parienté;body_bebe
http://www.doctissimo.fr/html/dossiers/rhume/15756-rhume-nourrisson-causes.htm;Dr Sophie Parienté;body_bebe
http://www.doctissimo.fr/html/dossiers/rhume/15757-rhume-bebe-que-faire.htm;Dr Sophie Parienté;body_sante
http://www.doctissimo.fr/html/dossiers/dents/articles/15762-abces-dentaire.htm;Isabelle Frenay;body_sante
http://www.doctissimo.fr/html/medicaments/articles/15766-medicaments-dangereux.htm;Amélie Pelletier;body_medicaments
http://www.doctissimo.fr/html/forme/sports/sports_individuels/15763-sport-de-combat.htm;Anne-Sophie Savenier;body_forme
http://www.doctissimo.fr/html/beaute/maquillage/articles/15775-changer-la-couleur-de-ses-yeux.htm;Jessica Xavier;body_beaute
http://www.doctissimo.fr/html/beaute/coiffure/articles/15778-coloration-henne.htm;Anne-Sophie Savenier;body_beaute
http://www.doctissimo.fr/html/beaute/maquillage/articles/15797-choisir-son-fond-de-teint.htm;Anne-Sophie Savenier;body_beaute
http://www.doctissimo.fr/html/grossesse/pendant/consultations/15780-clarte-nucale.htm;Anne-Sophie Glover-Bondeau;body_grossesse
http://www.doctissimo.fr/html/dossiers/diabete/articles/15802-symptomes-diabete.htm;Audrey Plessis;body_sante
http://www.doctissimo.fr/html/psychologie/dossiers/mort/15765-deuil-apres-suicide.htm;Yamina Saïdj;body_psychologie
http://www.doctissimo.fr/html/nutrition/securite/15769-congelation-des-aliments.htm;Anne-Sophie Glover-Bondeau;body_nutrition
http://www.doctissimo.fr/html/medicaments/articles/15767-iatrogenie-effets-indesirables.htm;Amélie Pelletier;body_medicaments
http://www.doctissimo.fr/html/beaute/soins-du-visage/articles/15774-pomotherapie.htm;Anne-Sophie Savenier;body_beaute
http://www.doctissimo.fr/html/dossiers/mal-de-gorge/articles/15773-mal-de-gorge-chronique.htm;Anne-Sophie Glover-Bondeau;body_sante
http://www.doctissimo.fr/html/grossesse/pendant/articles/15772-fatigue-grossesse.htm;Anne-Flore Gaspar-Lolliot;body_grossesse
http://www.doctissimo.fr/html/beaute/mariage/articles/15776-choisir-robe-mariee.htm;Anne-Sophie Savenier;body_beaute
http://www.doctissimo.fr/html/sexualite/femmes/articles/15779-toy-boy.htm;Catherine Maillard;body_sexualite
http://www.doctissimo.fr/html/medicaments/articles/15777-pharmacie-ligne.htm;Isabelle Frenay;body_medicaments
http://www.doctissimo.fr/html/nutrition/aliments/articles/15785-choisir-viande.htm;Anne-Sophie Glover-Bondeau;body_nutrition
http://www.doctissimo.fr/html/dossiers/cancer/articles/15783-toxicite-therapie-ciblee-cancer.htm;Amélie Pelletier;body_sante
http://www.doctissimo.fr/html/dossiers/migraine/articles/15788-migraine-digestive.htm;Isabelle Frenay;body_sante
http://www.doctissimo.fr/html/sexualite/troubles/15789-sexualite-handicap-tabou.htm;Catherine Maillard;body_sexualite
http://www.doctissimo.fr/html/psychologie/psycho_pour_tous/commun/15787-acte-manque.htm;Anne-Sophie Glover-Bondeau;body_psychologie
http://www.doctissimo.fr/html/psychologie/amour/15786-site-rencontres-gens-maries.htm;Catherine Maillard;body_psychologie
http://www.doctissimo.fr/html/nutrition/dossiers/regimes/articles/15799-maigrir-sans-regime-methode-apfeldorfer.htm;Florence Daine;body_nutrition
http://www.doctissimo.fr/html/psychologie/dossiers/divorce/15798-divorce-garde-enfants-droit-du-pere.htm;Anne-Sophie Glover-Bondeau;body_famille
http://www.doctissimo.fr/html/famille/maison/decoration/articles/15793-decoration-cuisine.htm;Edency;body_famille
http://www.doctissimo.fr/html/famille/maison/decoration/articles/15791-decoration-chambre-enfant.htm;Edency;body_famille
http://www.doctissimo.fr/html/famille/maison/decoration/articles/15792-decoration-chambre-adulte.htm;Edency;body_famille
http://www.doctissimo.fr/html/famille/maison/decoration/articles/15794-decoration-salle-de-bains.htm;Edency;body_famille
http://www.doctissimo.fr/html/famille/maison/decoration/articles/15795-decoration-salon.htm;Edency;body_famille
http://www.doctissimo.fr/html/forme/beaute_chirurgie/fo_2472_aspiration.htm;Docteur David Picovski;body_beaute
http://www.doctissimo.fr/html/dossiers/sport-sante/articles/15742-avoir-mental-champion.htm;Audrey Plessis;body_forme
http://www.doctissimo.fr/html/dossiers/cancer_colon/15837-stomie-digestive.htm;Dr Jesus Cardenas;body_sante
http://www.doctissimo.fr/html/sante/audition/articles/15803-appareil-auditif-enfant.htm;David Bême;body_sante
http://www.doctissimo.fr/html/dossiers/greffes_transplantation/articles/15801-don-corps-a-la-science.htm;Audrey Plessis;body_sante
http://www.doctissimo.fr/html/psychologie/consulter/les_therapies/15804-transfert-psy.htm;Catherine Maillard;body_psychologie
http://www.doctissimo.fr/html/dossiers/rein/15807-depistage-maladie-renale-enfant.htm;Amélie Pelletier;body_sante
http://www.doctissimo.fr/html/sexualite/dossiers/rapports-sexuels/15808-club-libertin-club-echangiste.htm;Catherine Maillard;body_sexualite
http://www.doctissimo.fr/html/grossesse/bebe/eveil/articles/15813-creche-parentale.htm;Anne-Flore Gaspar-Lolliot;body_famille
http://www.doctissimo.fr/html/sante/bien_voir/articles/15800-ulcere-cornee.htm;Audrey Plessis;body_sante
http://www.doctissimo.fr/html/forme/minceur/articles/15817-perdre-culotte-de-cheval.htm;Stéphanie Moyal;body_beaute
http://www.doctissimo.fr/html/sante/mauxquot/sa_562_gale_soins-01.htm;Dr Jesus Cardenas;body_sante
http://www.doctissimo.fr/html/psychologie/dossiers/rencontres/articles/15818-conseil-seduction-homme.htm;Catherine Maillard;body_psychologie
http://www.doctissimo.fr/html/dossiers/appendicite/articles/15815-appendicite-symptomes-traitement.htm;Dr Jesus Cardenas;body_sante
http://www.doctissimo.fr/html/nutrition/dossiers/allergie-lait-vache/15822-pas-de-laits-vegetaux-pour-bebe.htm;Dr Sophie Parienté;body_nutrition
http://www.doctissimo.fr/html/nutrition/dossiers/allergie-lait-vache/15823-symptomes-allergie-lait-de-vache.htm;Dr Sophie Parienté;body_nutrition
http://www.doctissimo.fr/html/nutrition/dossiers/allergie-lait-vache/15825-traitement-allergie-lait.htm;Dr Sophie Parienté;body_nutrition
http://www.doctissimo.fr/html/psychologie/amour/15873-princesse-charmante.htm;Catherine Maillard;body_psychologie
http://www.doctissimo.fr/html/sexualite/desir/articles/15820-stimulation-sexuelle.htm;Catherine Maillard;body_sexualite
http://www.doctissimo.fr/html/sexualite/dossiers/perversions/15821-fetichisme-latex-tendance.htm;Catherine Maillard;body_sexualite
http://www.doctissimo.fr/html/dossiers/zona/15824-zona-ophtalmique.htm;Nathalie Ferron;body_sante
http://www.doctissimo.fr/html/dossiers/fibromes/15809-esmya-fibrome.htm;Amélie Pelletier;body_sante
http://www.doctissimo.fr/html/dossiers/autisme/15830-enquete-autisme-diagnostic-et-parcours-soin-doctissimo-fondation-fondamental.htm;;body_psychologie
http://www.doctissimo.fr/html/dossiers/menopause/articles/15829-premenopause.htm;Anne-Sophie Glover-Bondeau;body_sante
http://www.doctissimo.fr/html/medicaments/articles/15847-securite-medicaments-generiques.htm;Audrey Plessis;body_medicaments
http://www.doctissimo.fr/html/dossiers/maladies_cardiovasculaires/articles/15843-bradycardie.htm;Audrey Plessis;body_sante
http://www.doctissimo.fr/html/dossiers/maladies_cardiovasculaires/articles/15844-tachycardie.htm;Audrey Plessis;body_sante
http://www.doctissimo.fr/html/dossiers/maladies_cardiovasculaires/articles/15845-palpitations.htm;Audrey Plessis;body_sante
http://www.doctissimo.fr/html/dossiers/hemophilie/articles/15852-hemophilie-qualite-de-vie.htm;Amélie Pelletier;body_sante
http://www.doctissimo.fr/html/psychologie/bien_dans_sa_peau/15854-impulsive-impulsif.htm;Catherine Maillard;body_psychologie
http://www.doctissimo.fr/html/nutrition/vitamines_mineraux/vitamines/15869-spiruline.htm;Anne-Sophie Glover-Bondeau;body_nutrition
http://www.doctissimo.fr/html/psychologie/bien_dans_sa_peau/15868-meditation-zen.htm;Catherine Maillard;body_psychologie
http://www.doctissimo.fr/html/nutrition/aliments/articles/15871-agar-agar.htm;Anne-Sophie Glover-Bondeau;body_nutrition
http://www.doctissimo.fr/html/psychologie/bien_avec_les_autres/15870-vivre-avec-un-jaloux.htm;Catherine Maillard;body_psychologie
http://www.doctissimo.fr/html/dossiers/diabete/articles/15832-diabete-strategie-medicamenteuse.htm;Amélie Pelletier;body_sante
http://www.doctissimo.fr/html/nutrition/dossiers/regimes/articles/15839-regime-thonon.htm;Florence Daine;body_nutrition
http://www.doctissimo.fr/html/grossesse/accouchement/15841-accoucher-avec-acupuncture.htm;Delphine Bourdet;body_grossesse
http://www.doctissimo.fr/html/dossiers/depression/articles/15840-depression-masquee.htm;Delphine Bourdet;body_psychologie
http://www.doctissimo.fr/html/psychologie/dossiers/violence/15849-bizutage.htm;Delphine Bourdet;body_psychologie
http://www.doctissimo.fr/html/medicaments/articles/15842-dependance-medicamenteuse.htm;Audrey Plessis;body_medicaments
http://www.doctissimo.fr/html/sexualite/ejaculation_prematuree/15850-ejaculation-precoce-solutions.htm;David Bême;body_sexualite
http://www.doctissimo.fr/html/sexualite/dossiers/rapports-sexuels/15851-guide-caresses-amoureuses.htm;Catherine Maillard;body_sexualite
http://www.doctissimo.fr/html/dossiers/cancer_sein/articles/15853-reconstruction-mammaire-diep.htm;Anne-Sophie Glover-Bondeau;body_sante
http://www.doctissimo.fr/html/beaute/chirurgie-esthetique/articles/14196-augmentation-mammaire-lipomodelage-injection-acide-hyaluronique.htm;Docteur David Picovski, chirurgie plastique et esthétique, qualifié par l'Ordre des Médecins;body_beaute
http://www.doctissimo.fr/html/medicaments/articles/15867-aspirine-danger.htm;Isabelle Frenay;body_medicaments
http://www.doctissimo.fr/html/nutrition/dossiers/regimes/articles/15848-programme-naturhouse.htm;Florence Daine;body_nutrition
http://www.doctissimo.fr/html/grossesse/patho_femme_enceinte/15861-decollement-placentaire.htm;Dr Sophie Parienté;body_grossesse
http://www.doctissimo.fr/html/sexualite/dossiers/pornographie/15864-films-x-sexualite-ados.htm;Catherine Maillard;body_sexualite
http://www.doctissimo.fr/html/sexualite/dossiers/pornographie/15865-dangers-porno-ados-parents.htm;Catherine Maillard;body_sexualite
http://www.doctissimo.fr/html/forme/mag_2000/mag0922/fo_2319_sophrologie.htm;Dr Jesus Cardenas;body_sante
http://www.doctissimo.fr/html/dossiers/jambes_lourdes/articles/15898-traitement-plaie-chronique.htm;Anne-Sophie Glover-Bondeau;body_sante
http://www.doctissimo.fr/html/psychologie/psycho_pour_tous/femme/15877-rivalites-feminine-sororite.htm;Catherine Maillard;body_psychologie
http://www.doctissimo.fr/html/dossiers/travail/articles/15878-absenteisme-au-travail-presenteisme.htm;Delphine Bourdet;body_sante
http://www.doctissimo.fr/html/psychologie/bien_avec_les_autres/15887-tyrannie-paraitre-facebook-fatigue.htm;Catherine Maillard;body_psychologie
http://www.doctissimo.fr/html/dossiers/rhumatismes/articles/15874-arthrose-hanche.htm;Audrey Plessis;body_sante
http://www.doctissimo.fr/html/psychologie/bien_dans_sa_peau/15875-souvenirs-douloureux.htm;Catherine Maillard;body_psychologie
http://www.doctissimo.fr/html/psychologie/bien_dans_sa_peau/15880-culpabilite-se-sentir-coupable.htm;Catherine Maillard;body_psychologie
http://www.doctissimo.fr/html/sexualite/hommes/15879-complexite-sexualite-masculine.htm;Catherine Maillard;body_sexualite
http://www.doctissimo.fr/html/dossiers/troubles-orl/articles/15882-tracheite.htm;Dr Sophie Parienté;body_sante
http://www.doctissimo.fr/html/dossiers/tabac/articles/12650-cigarettes-electroniques.htm;Anne-Sophie Glover-Bondeau;body_sante
http://www.doctissimo.fr/html/beaute/maquillage/articles/15884-choisir-son-rouge-a-levres.htm;Anne-Sophie Savenier;body_beaute
http://www.doctissimo.fr/html/dossiers/intestin/15886-rectocolite-hemorragique.htm;Amélie Pelletier;body_sante
http://www.doctissimo.fr/html/sexualite/dossiers/fantasmes/articles/15888-femme-fatale.htm;Catherine Maillard;body_sexualite
http://www.doctissimo.fr/html/psychologie/bien_dans_sa_peau/15890-graphologie.htm;Jessica Xavier;body_psychologie
http://www.doctissimo.fr/html/sexualite/education/15902-education-affective-sexuelle-mere-fille.htm;Catherine Maillard;body_sexualite
http://www.doctissimo.fr/html/nutrition/securite/15891-arsenic-alimentation-riz.htm;Violaine Badie;body_nutrition
http://www.doctissimo.fr/html/dossiers/complementaire-mutuelle-sante/15894-besoin-complementaire-sante.htm;Edency;body_sante
http://www.doctissimo.fr/html/dossiers/complementaire-mutuelle-sante/15895-complementaire-mutuelle-sante-definition.htm;Edency;body_sante
http://www.doctissimo.fr/html/dossiers/peau_boutons/15906-maladie-de-verneuil.htm;Anne-Sophie Glover-Bondeau;body_sante
http://www.doctissimo.fr/html/sexualite/troubles/15903-frigidite-frigide.htm;Catherine Maillard;body_sexualite
http://www.doctissimo.fr/html/grossesse/avant/envie-enfant/articles/15899-grossesse-pathologique.htm;Amélie Pelletier;body_grossesse
http://www.doctissimo.fr/html/famille/relations-familiales/15900-nid-vide-depart-enfant.htm;Catherine Maillard;body_famille
http://www.doctissimo.fr/html/dossiers/hypertension_arterielle/15909-antihypertenseurs-has-efficacite-hypotenseurs.htm;Amélie Pelletier;body_sante
http://www.doctissimo.fr/html/dossiers/orthopedie/articles/15912-semelle-orthopedique.htm;Audrey Plessis;body_sante
http://www.doctissimo.fr/html/dossiers/autisme/15908-syndrome-asperger.htm;Jessica Xavier;body_psychologie
http://www.doctissimo.fr/html/dossiers/urgences/15913-hematome-traitement.htm;Anne-Sophie Glover-Bondeau;body_sante
http://www.doctissimo.fr/html/psychologie/psycho_pour_tous/enfant_bebe/15910-difficulte-lecture.htm;Anne-Sophie Glover-Bondeau;body_psychologie
http://www.doctissimo.fr/html/psychologie/stress_angoisse/articles/15911-hypocondrie-hypocondriaque.htm;Audrey Plessis;body_psychologie
http://www.doctissimo.fr/html/dossiers/vaccination/articles/sa_8036_vaccins_rappel_adultes.htm;Luc Blanchot;body_sante
http://www.doctissimo.fr/html/sante/mag_2000/mag0901/sa_2177_calendrier_vaccinal.htm;Luc Blanchot;body_sante
http://www.doctissimo.fr/html/sante/enfants/sa_1285_calend.htm;Luc Blanchot;body_sante
http://www.doctissimo.fr/html/sante/bebe/sa_313_vacci.htm;Luc Blanchot;body_sante
http://www.doctissimo.fr/html/psychologie/psycho_pour_tous/enfant_bebe/15922-alienation-parentale.htm;Anne-Sophie Glover-Bondeau;body_psychologie
http://www.doctissimo.fr/html/dossiers/poliomyelite/15924-poliomyelite.htm;Audrey Plessis;body_sante
http://www.doctissimo.fr/html/dossiers/travail/articles/15923-communication-non-violente-cnv.htm;Catherine Maillard;body_sante
http://www.doctissimo.fr/html/dossiers/stomie/15968-definition-stomie.htm;Dr Jesus Cardenas;body_sante
http://www.doctissimo.fr/html/dossiers/stomie/15971-vivre-avec-stomie.htm;Dr Jesus Cardenas;body_sante
http://www.doctissimo.fr/html/dossiers/stomie/15973-soins-stomie.htm;Dr Jesus Cardenas;body_sante
http://www.doctissimo.fr/html/psychologie/stress_angoisse/articles/15914-agoraphobie-agoraphobe.htm;Audrey Plessis;body_psychologie
http://www.doctissimo.fr/html/nutrition/equilibre_plaisir/articles/15934-cuisine-anti-gachis-anti-gaspillage.htm;Anne-Sophie Glover-Bondeau;body_nutrition
http://www.doctissimo.fr/html/medicaments/dossiers/bon-usage/articles/15904-alimentation-anticoagulants.htm;Audrey Plessis;body_medicaments
http://www.doctissimo.fr/html/nutrition/bien_manger/15928-manger-insecte-entomophagie.htm;Jessica Xavier;body_nutrition
http://www.doctissimo.fr/html/dossiers/maladies-orphelines/15926-leucodystrophie.htm;Audrey Plessis;body_sante
http://www.doctissimo.fr/html/dossiers/medecines-douces/articles/15927-sophrologie-caycedienne.htm;Anne-Flore Gaspar-Lolliot;body_sante
http://www.doctissimo.fr/html/psychologie/bien_dans_sa_peau/15925-famille-zen.htm;Catherine Maillard;body_psychologie
http://www.doctissimo.fr/html/dossiers/dermatite-atopique/articles/15951-causes-dermatite-atopique.htm;Dr Jesus Cardenas;body_sante
http://www.doctissimo.fr/html/dossiers/dermatite-atopique/articles/15954-essentiel-dermatite-atopique.htm;Dr Jesus Cardenas;body_sante
http://www.doctissimo.fr/html/dossiers/dermatite-atopique/articles/15955-peau-atopique.htm;Dr Jesus Cardenas;body_sante
http://www.doctissimo.fr/html/dossiers/dermatite-atopique/articles/15956-prevention-dermatite-atopique.htm;Dr Jesus Cardenas;body_sante
http://www.doctissimo.fr/html/nutrition/aliments/articles/15930-quinoa.htm;Audrey Plessis;body_nutrition
http://www.doctissimo.fr/html/nutrition/dossiers/allegations-sante-etiquettes/15931-sans-gluten.htm;Anne-Sophie Glover-Bondeau;body_nutrition
http://www.doctissimo.fr/html/famille/relations-familiales/15932-relation-frere-soeur-adultes.htm;Catherine Maillard;body_famille
http://www.doctissimo.fr/html/dossiers/vacances/15935-choisir-cahier-de-vacances.htm;Catherine Maillard;body_famille
http://www.doctissimo.fr/html/famille/relations-familiales/15936-vacances-avec-ado.htm;Catherine Maillard;body_famille
http://www.doctissimo.fr/html/dossiers/medecines-douces/articles/15933-bienfaits-sophrologie.htm;Anne-Flore Gaspar-Lolliot;body_sante
http://www.doctissimo.fr/html/forme/beaute_chirurgie/fo_2467_oreilles.htm;Dr David Picovski;body_beaute
http://www.doctissimo.fr/html/dossiers/epilepsie/15940-crise-convulsive.htm;Dr Jesus Cardenas;body_sante
http://www.doctissimo.fr/html/dossiers/medecines-douces/articles/15939-sophrologie-alzheimer.htm;Anne-Flore Gaspar-Lolliot;body_sante
http://www.doctissimo.fr/html/dossiers/medecines-douces/articles/15942-sophrologie-sante.htm;Anne-Flore Gaspar-Lolliot;body_sante
http://www.doctissimo.fr/html/dossiers/cancer_colon/15937-cancer-colon-genetique-hereditaire.htm;David Bême;body_sante
http://www.doctissimo.fr/html/beaute/dossiers/epilation/15945-epilation-integrale-pour-ou-contre.htm;Catherine Maillard;body_beaute
http://www.doctissimo.fr/html/grossesse/bebe/puericulture/articles/15941-babyphone-ondes.htm;Amélie Pelletier;body_bebe
http://www.doctissimo.fr/html/dossiers/cancer/articles/15950-symptomes-diagnostic-myelome.htm;David Bême;body_sante
http://www.doctissimo.fr/html/dossiers/cancer/articles/15960-recherche-myelome.htm;David Bême;body_sante
http://www.doctissimo.fr/html/dossiers/cancer/articles/15962-traitement-myelome.htm;;body_sante
http://www.doctissimo.fr/html/nutrition/plaisir/articles/15944-alimentations-particulieres.htm;Violaine Badie;body_nutrition
http://www.doctissimo.fr/html/dossiers/peau_boutons/15946-furoncle.htm;Florence Rosier;body_sante
http://www.doctissimo.fr/html/psychologie/principales_maladies/15949-syndrome-voyageur-paris.htm;Jessica Xavier;body_psychologie
http://www.doctissimo.fr/html/dossiers/travail/articles/15947-stress-grossesse-travail.htm;Catherine Maillard;body_sante
http://www.doctissimo.fr/html/dossiers/vacances/15948-garde-enfant-grands-parents.htm;Catherine Maillard;body_famille
http://www.doctissimo.fr/html/dossiers/dermatite-atopique/articles/15952-dermatite-atopique-adulte.htm;Dr Jesus Cardenas;body_sante
http://www.doctissimo.fr/html/dossiers/dermatite-atopique/articles/15957-prevention-crise-dermatite.htm;Dr Jesus Cardenas;body_sante
http://www.doctissimo.fr/html/dossiers/dermatite-atopique/articles/15958-traitement-dermatite-atopique.htm;Dr Jesus Cardenas;body_sante
http://www.doctissimo.fr/html/dossiers/stomie/15972-stomie-urinaire-urostomie.htm;Dr Jesus Cardenas;body_sante
http://www.doctissimo.fr/html/dossiers/cancer_sein/articles/15965-gros-bras-reconstruction-cancer-sein.htm;Amélie Pelletier;body_sante
http://www.doctissimo.fr/html/dossiers/travail/articles/15964-leadership-feminin.htm;Catherine Maillard;body_sante
http://www.doctissimo.fr/html/sante/bien_voir/articles/15963-secheresse-oculaire.htm;Amélie Pelletier;body_sante
http://www.doctissimo.fr/html/dossiers/sports/articles/15970-tennis-elbow.htm;Anne-Sophie Glover-Bondeau;body_forme
http://www.doctissimo.fr/html/dossiers/mal_au_ventre/15969-peritonite.htm;Anne-Sophie Glover-Bondeau;body_sante
http://www.doctissimo.fr/html/dossiers/mal_de_dos/articles/15966-cruralgie.htm;Anne-Sophie Glover-Bondeau;body_sante
http://www.doctissimo.fr/html/dossiers/maladies_cardiovasculaires/15967-electrocardiogramme-ecg.htm;Anne-Sophie Glover-Bondeau;body_sante
http://www.doctissimo.fr/html/psychologie/psycho_pour_tous/enfant_bebe/15975-methodes-lecture.htm;Anne-Sophie Glover-Bondeau;body_psychologie
http://www.doctissimo.fr/html/nutrition/dossiers/regimes/articles/15976-regime-paleolithique.htm;Florence Daine;body_nutrition
http://www.doctissimo.fr/html/psychologie/principales_maladies/15977-syndrome-tourette.htm;Audrey Plessis;body_psychologie
http://www.doctissimo.fr/html/psychologie/amour/15978-infidelite-feminine.htm;Catherine Maillard;body_psychologie
http://www.doctissimo.fr/html/grossesse/bebe/eveil/articles/15979-baby-sitter.htm;Catherine Maillard;body_famille
http://www.doctissimo.fr/html/dossiers/traumatisme-cranien/articles/15984-coma-en-15-questions.htm;Audrey Plessis;body_sante
http://www.doctissimo.fr/html/dossiers/chirurgie/15997-prothese-genou-indication.htm;Dr Sophie Parienté;body_sante
http://www.doctissimo.fr/html/dossiers/chirurgie/15998-operation-prothese-genou-techniques.htm;Dr Sophie Parienté;body_sante
http://www.doctissimo.fr/html/dossiers/chirurgie/15999-prothese-genou-suites-complications.htm;Dr Sophie Parienté;body_sante
http://www.doctissimo.fr/html/sante/enfants/15992-medecine-scolaire.htm;Audrey Plessis;body_sante
http://www.doctissimo.fr/html/famille/scolarite/15981-premier-jour-maternelle.htm;Catherine Maillard;body_famille
http://www.doctissimo.fr/html/famille/relations-familiales/15982-jalousie-bebe.htm;Catherine Maillard;body_famille
http://www.doctissimo.fr/html/nutrition/dossiers/regimes/articles/15983-konjac-vertus.htm;Jessica Xavier;body_nutrition
http://www.doctissimo.fr/html/sexualite/dossiers/rapports-sexuels/15980-duree-rapport-sexuel.htm;Catherine Maillard;body_sexualite
http://www.doctissimo.fr/html/dossiers/maladies-sang/15990-nouveaux-anticoagulants-oraux-naco.htm;Dr Jesus Cardenas;body_sante
http://www.doctissimo.fr/html/beaute/soins-du-visage/articles/15985-creme-peau-sensible.htm;Anne-Flore Gaspar-Lolliot;body_beaute
http://www.doctissimo.fr/html/sexualite/desir/articles/15988-perinee-plaisir.htm;Catherine Maillard;body_sexualite
http://www.doctissimo.fr/html/dossiers/asthme/articles/15989-thermoplastie-bronchique-asthme.htm;Dr Jesus Cardenas;body_sante
http://www.doctissimo.fr/html/dossiers/maladies-infectieuses/15993-septicemie.htm;Dr Jesus Cardenas;body_sante
http://www.doctissimo.fr/html/dossiers/alzheimer/articles/16023-communiquer-avec-un-proche-alzheimer.htm;Audrey Plessis;body_sante
http://www.doctissimo.fr/html/dossiers/intestin/16007-maladie-de-crohn.htm;Dr Sophie Parienté;body_sante
http://www.doctissimo.fr/html/forme/mag_2000/mag1229/fo_3258_reduction.htm;Docteur David Picovski;body_beaute
http://www.doctissimo.fr/html/dossiers/alzheimer/articles/16033-alzheimer-troubles-comportement.htm;Audrey Plessis;body_sante
http://www.doctissimo.fr/html/nutrition/plaisir/articles/15991-cuisine-huiles-essentielles.htm;Jessica Xavier;body_nutrition
http://www.doctissimo.fr/html/dossiers/perturbateur-endocrinien/16030-perturbateur-endocrinien-definition.htm;Dr Jesus Cardenas;body_sante
http://www.doctissimo.fr/html/famille/maison/articles/15994-demenager-pas-cher.htm;Anne-Flore Gaspar-Lolliot;body_famille
http://www.doctissimo.fr/html/famille/maison/articles/15996-demenagement-demarches.htm;Anne-Flore Gaspar-Lolliot;body_famille
http://www.doctissimo.fr/html/famille/maison/articles/16000-choix-demenageur.htm;Anne-Flore Gaspar-Lolliot;body_famille
http://www.doctissimo.fr/html/famille/maison/articles/16019-demenagement-enfants.htm;Anne-Flore Gaspar-Lolliot;body_famille
http://www.doctissimo.fr/html/grossesse/avant/fertilite/articles/16003-vitrification-ovocytaire.htm;David Beme;body_grossesse
http://www.doctissimo.fr/html/psychologie/principales_maladies/16004-visages-sadisme-sadique.htm;Jessica Xavier;body_psychologie
http://www.doctissimo.fr/html/sexualite/dossiers/recits-erotiques/16005-litterature-version-erotique.htm;Catherine Maillard;body_sexualite
http://www.doctissimo.fr/html/dossiers/perturbateur-endocrinien/16032-perturbateur-endocrinien-liste.htm;Dr Jesus Cardenas;body_sante
http://www.doctissimo.fr/html/forme/fitness/articles/16021-quelle-machine-cardiovasculaire-pour-moi.htm;Stéphanie Moyal;body_forme
http://www.doctissimo.fr/html/famille/relations-familiales/16018-nouvel-amour-en-parler-aux-enfants.htm;Catherine Maillard;body_famille
http://www.doctissimo.fr/html/dossiers/cancer_sein/articles/16026-cancer-du-sein-et-travail.htm;Amélie Pelletier;body_sante
http://www.doctissimo.fr/html/dossiers/cancer_sein/articles/16027-cancer-du-sein-sexualite.htm;David Bême;body_sante
http://www.doctissimo.fr/html/famille/relations-familiales/16029-doit-on-tout-dire-a-ses-enfants.htm;Catherine Maillard;body_famille
http://www.doctissimo.fr/html/dossiers/perturbateur-endocrinien/16031-effet-perturbateur-endocrinien.htm;Dr Jesus Cardenas;body_sante
http://www.doctissimo.fr/html/famille/relations-familiales/16028-avoir-un-enfant-unique.htm;Catherine Maillard;body_famille
http://www.doctissimo.fr/html/dossiers/maladies_cardiovasculaires/articles/16036-chirurgie-fibrillation-auriculaire.htm;Dr Jesus Cardenas;body_sante
http://www.doctissimo.fr/html/dossiers/jeune/articles/16041-jeuner-jeune-therapeutique-maladies.htm;Anne-Sophie Glover-Bondeau;body_nutrition
http://www.doctissimo.fr/html/dossiers/cancer_sein/articles/16037-cancer-sein-choix-traitement.htm;Amélie Pelletier;body_sante
http://www.doctissimo.fr/html/sexualite/dossiers/rapports-sexuels/16040-ceinture-de-chastete.htm;Catherine Maillard;body_sexualite
http://www.doctissimo.fr/html/beaute/maquillage/articles/16049-quel-mascara-choisir.htm;Stéphanie Moyal;body_beaute
http://www.doctissimo.fr/html/beaute/soins-du-visage/articles/16060-que-faire-contre-les-cernes.htm;;body_beaute
http://www.doctissimo.fr/html/dossiers/rhumatismes/articles/16106-arthrose-genou.htm;Audrey Plessis;body_sante
http://www.doctissimo.fr/html/dossiers/cancer_sein/articles/16044-cancer-sein-hereditaire-psy.htm;Violaine Badie;body_sante
http://www.doctissimo.fr/html/dossiers/ivg/16047-ivg-chirurgicale.htm;Anne-Flore Gaspar-Lolliot;body_sante
http://www.doctissimo.fr/html/dossiers/peau_boutons/16042-keratose-pilaire.htm;Anne-Flore Gaspar-Lolliot;body_sante
http://www.doctissimo.fr/html/dossiers/troubles-orl/articles/16043-enrouement-voix-enrouee.htm;Amélie Pelletier;body_sante
http://www.doctissimo.fr/html/sexualite/dossiers/fantasmes/articles/16046-femme-mure-femme-mature.htm;Catherine Maillard;body_sexualite
http://www.doctissimo.fr/html/psychologie/amour/16051-oublier-son-ex-facebook.htm;Paulina Jonquères d'Oriola;body_psychologie
http://www.doctissimo.fr/html/dossiers/osteoporose/16050-osteoporose-hereditaire.htm;Amélie Pelletier;body_sante
http://www.doctissimo.fr/html/dossiers/cancer_sein/articles/16068-cellule-souche-cancereuse.htm;David Bême;body_sante
http://www.doctissimo.fr/html/dossiers/jeune/articles/16052-jeune-detox-randonnee.htm;Violaine Badie;body_nutrition
http://www.doctissimo.fr/html/famille/scolarite/16053-difficultes-scolaires.htm;Catherine Maillard;body_famille
http://www.doctissimo.fr/html/dossiers/perturbateur-endocrinien/16090-perturbateur-endocrinien-controverse.htm;Dr Jesus Cardenas;body_sante
http://www.doctissimo.fr/html/dossiers/hypertension_arterielle/16056-pacemaker-anti-hta.htm;Audrey Plessis;body_sante
http://www.doctissimo.fr/html/nutrition/dossiers/regimes/articles/16059-maigrir-sans-regime-linecoaching-apfeldorfer-temoignages.htm;Anne-Sophie Glover-Bondeau;body_nutrition
http://www.doctissimo.fr/html/nutrition/dossiers/regimes/articles/16058-maigrir-sans-regime-methode-linecoaching-portrait-apfeldorfer.htm;Anne-Sophie Glover-Bondeau;body_nutrition
http://www.doctissimo.fr/html/famille/relations-familiales/16065-eduquer-par-le-jeu-education-ludique.htm;Catherine Maillard;body_famille
http://www.doctissimo.fr/html/psychologie/bien_avec_les_autres/16052-chagrin-d-amitie-rupture-ami.htm;Paulina Jonquères d'Oriola;body_psychologie
http://www.doctissimo.fr/html/dossiers/drogues/articles/16071-grossesse-drogues.htm;Véronique Chaouat;body_sante
http://www.doctissimo.fr/html/sexualite/anatomie/articles/16066-erection-clitoris.htm;Catherine Maillard;body_sexualite
http://www.doctissimo.fr/html/famille/scolarite/16067-harcelement-scolaire-ecole.htm;Catherine Maillard;body_famille
http://www.doctissimo.fr/html/medicaments/articles/16064-patch-transdermique.htm;Audrey Plessis;body_medicaments
http://www.doctissimo.fr/html/beaute/cheveux/articles/16063-quel-shampoing-choisir.htm;Anne-Sophie Savenier;body_beaute
http://www.doctissimo.fr/html/grossesse/accouchement/apres-forme/16069-reeducation-abdominale.htm;Anne-Sophie Glover-Bondeau;body_grossesse
http://www.doctissimo.fr/html/sexualite/hommes/16070-masturbation-couple.htm;Catherine Maillard;body_sexualite
http://www.doctissimo.fr/html/dossiers/cancer/articles/16074-cancer-endometre-causes.htm;David Beme;body_sante
http://www.doctissimo.fr/html/dossiers/cancer/articles/16075-cancer-endometre-diagnostic-symptomes.htm;Davide Bême;body_sante
http://www.doctissimo.fr/html/dossiers/cancer/articles/16076-traitement-cancer-endometre-pronostic.htm;Davide Bême;body_sante
http://www.doctissimo.fr/html/beaute/chirurgie-esthetique/articles/16038-ptose-mammaire.htm;Docteur David Picovski;body_beaute
http://www.doctissimo.fr/html/dossiers/perturbateur-endocrinien/16088-perturbateur-endocrinien-legislation.htm;Dr Jesus Cardenas;body_sante
http://www.doctissimo.fr/html/dossiers/maladies-orphelines/16092-diagnostic-maladie-rare.htm;AFM-Téléthon;body_sante
http://www.doctissimo.fr/html/dossiers/maladies-orphelines/16110-traitement-maladie-rare.htm;AFM-Téléthon;body_sante
http://www.doctissimo.fr/html/dossiers/maladies-orphelines/16111-ecole-scolarisation-maladie-rare.htm;AFM-Téléthon;body_sante
http://www.doctissimo.fr/html/dossiers/maladies-orphelines/16112-quotidien-maladie-rare.htm;AFM-Téléthon;body_sante
http://www.doctissimo.fr/html/dossiers/maladies-orphelines/16120-dystrophie-musculaire-emery-dreifuss-dmed.htm;AFM-Téléthon;body_sante
http://www.doctissimo.fr/html/dossiers/maladies-orphelines/16118-amyotrophie-spinale-proximale.htm;AFM-Téléthon;body_sante
http://www.doctissimo.fr/html/dossiers/maladies-orphelines/16119-myopathie-facio-scapulo-humerale-dystrophie-musculaire-facio-scapulo-humerale.htm;AFM-Téléthon;body_sante
http://www.doctissimo.fr/html/dossiers/maladies-orphelines/16121-laminopathie.htm;AFM-Téléthon;body_sante
http://www.doctissimo.fr/html/dossiers/cancer_sein/articles/16083-cancer-sein-examens-complementaires.htm;Amélie Pelletier;body_sante
http://www.doctissimo.fr/html/dossiers/perturbateur-endocrinien/16089-perturbateur-endocrinien-evaluation.htm;Dr Jesus Cardenas;body_sante
http://www.doctissimo.fr/html/sante/droit/16116-refus-traitement.htm;Audrey Plessis;body_sante
http://www.doctissimo.fr/html/psychologie/psycho_pour_tous/commun/16095-illetrisme-illettre.htm;Violaine Badie;body_psychologie
http://www.doctissimo.fr/html/dossiers/cancer/articles/16104-prise-en-charge-cancer-2020.htm;Amélie Pelletier;body_sante
http://www.doctissimo.fr/html/famille/relations-familiales/16108-enfant-difficile-insupportable.htm;Catherine Maillard;body_famille
http://www.doctissimo.fr/html/nutrition/aliments/articles/16131-point-huile-de-palme-avis-d-experts.htm;Violaine Badie;body_nutrition
http://www.doctissimo.fr/html/dossiers/maladies-orphelines/16113-beta-thalassemie.htm;AFM-Téléthon;body_sante
http://www.doctissimo.fr/html/dossiers/maladies-orphelines/16109-genethon.htm;AFM-Téléthon;body_sante
http://www.doctissimo.fr/html/nutrition/dossiers/anorexie/16107-thigh-gap-anorexie.htm;Violaine Badie;body_nutrition
http://www.doctissimo.fr/html/dossiers/maladies-orphelines/16114-myopathie-mitochondriale.htm;AFM-Téléthon;body_sante
http://www.doctissimo.fr/html/famille/relations-familiales/16117-ecran-famille-parents-enfants.htm;Catherine Maillard;body_famille
http://www.doctissimo.fr/html/grossesse/pendant/en_forme/16130-massage-shiatsu-grossesse.htm;Sihem Boultif;body_grossesse
http://www.doctissimo.fr/html/dossiers/maladies-orphelines/16126-recherche-maladie-rare.htm;AFM-Téléthon;body_sante
http://www.doctissimo.fr/html/dossiers/maladies-orphelines/16127-myopathies-des-ceintures.htm;AFM-Téléthon;body_sante
http://www.doctissimo.fr/html/dossiers/orthodontie/articles/16129-inclusion-dentaire.htm;Amélie Pelletier;body_sante
http://www.doctissimo.fr/html/psychologie/psycho_pour_tous/femme/16141-femme-soumise.htm;Paulina Jonquères d'Oriola;body_psychologie
http://www.doctissimo.fr/html/nutrition/equilibre_plaisir/articles/16142-retrouver-plaisir-manger.htm;Violaine Badie;body_nutrition
http://www.doctissimo.fr/html/dossiers/gastro-enterite/articles/16144-soigner-la-gastro.htm;Dr Jesus Cardenas;body_sante
http://www.doctissimo.fr/html/beaute/tendances-look/articles/16158-comment-etre-belle.htm;Amandine Garcia;body_beaute
http://www.doctissimo.fr/html/psychologie/dossiers/hyperactivite/16152-troubles-deficit-attention-enfant.htm;Catherine Maillard;body_psychologie
http://www.doctissimo.fr/html/psychologie/psycho_pour_tous/adolescent/16154-scarification-adolescent.htm;Catherine Maillard;body_psychologie
http://www.doctissimo.fr/html/dossiers/medecines-douces/articles/16153-homeopathie-troubles-sexuels-femme.htm;Catherine Maillard;body_sante
http://www.doctissimo.fr/html/dossiers/apnee-sommeil/16161-orthese-mandibulaire-anti-ronflement.htm;Amélie Pelletier;body_sante
http://www.doctissimo.fr/html/famille/relations-familiales/16125-role-grands-parents.htm;David Bême;body_famille
http://www.doctissimo.fr/html/grossesse/patho_femme_enceinte/16157-grossesse-problemes-peau.htm;Anne-Sophie Glover-Bondeau;body_grossesse
http://www.doctissimo.fr/html/psychologie/bien_avec_les_autres/16156-egoisme-personne-egocentrique.htm;Catherine Maillard;body_psychologie
http://www.doctissimo.fr/html/dossiers/maladies-infectieuses/16180-greffe-fecale.htm;Estela Estrada;body_sante
http://www.doctissimo.fr/html/dossiers/medecines-douces/articles/16155-biokinergie.htm;Amélie Pelletier;body_sante
http://www.doctissimo.fr/html/famille/relations-familiales/16159-nouvelles-parentalites.htm;Violaine Badie;body_famille
